-- phpMyAdmin SQL Dump
-- version 4.0.4.1
-- http://www.phpmyadmin.net
--
-- Host: localhost
-- Generation Time: Nov 03, 2013 at 08:16 PM
-- Server version: 5.6.12
-- PHP Version: 5.5.3

SET SQL_MODE = "NO_AUTO_VALUE_ON_ZERO";
SET time_zone = "+00:00";


/*!40101 SET @OLD_CHARACTER_SET_CLIENT=@@CHARACTER_SET_CLIENT */;
/*!40101 SET @OLD_CHARACTER_SET_RESULTS=@@CHARACTER_SET_RESULTS */;
/*!40101 SET @OLD_COLLATION_CONNECTION=@@COLLATION_CONNECTION */;
/*!40101 SET NAMES utf8 */;

--
-- Database: `myFirstSql`
--
CREATE DATABASE IF NOT EXISTS `myFirstSql` DEFAULT CHARACTER SET latin1 COLLATE latin1_swedish_ci;
USE `myFirstSql`;

-- --------------------------------------------------------

--
-- Table structure for table `Address`
--

CREATE TABLE IF NOT EXISTS `Address` (
  `AddressId` int(11) NOT NULL AUTO_INCREMENT,
  `line1` varchar(100) NOT NULL,
  `line2` varchar(100) DEFAULT NULL,
  `city` varchar(50) NOT NULL,
  `country` varchar(50) NOT NULL,
  `zipCode` int(11) NOT NULL,
  `userId` int(11) NOT NULL,
  `state` varchar(2) NOT NULL DEFAULT 'NA',
  PRIMARY KEY (`AddressId`),
  KEY `userId` (`userId`)
) ENGINE=InnoDB  DEFAULT CHARSET=latin1 AUTO_INCREMENT=16 ;

--
-- Dumping data for table `Address`
--

INSERT INTO `Address` (`AddressId`, `line1`, `line2`, `city`, `country`, `zipCode`, `userId`, `state`) VALUES
(1, 'Calle Salsipuedes', 'Sector Mediodelanada', 'Aibonito', 'Puerto Rico', 694, 1, 'PR'),
(2, 'Calle Ningunlado', '', 'Madrid', 'España', 37245, 2, 'NA'),
(3, '1097 Marcia Dr', '', 'Tonowanda', 'Norway', 56748, 3, 'NA'),
(4, '3035 Dogwood Creek Pkwy', 'Apt. 628', 'South Petherwin', 'United Kingdom', 65843, 4, 'NA'),
(5, '9219 Fairview Rd', 'Apt. 76', 'Crugmeer', 'United Kingdom', 33950, 5, 'NA'),
(6, '45 Alexander Dr', '', 'Place du Jeu', 'France', 64854, 6, 'NA'),
(7, '536 W 47th St', '', 'Königswinter', 'Germany', 57896, 7, 'NA'),
(8, '4909 Independence Cir', 'Apt. 84', 'Bramante', 'Italy', 74856, 8, 'NA'),
(9, '927 Granville Rd', '', 'Rotterdam', 'Netherlands', 64567, 9, 'NA'),
(10, '305 Avenue M', '', 'Kurim', 'Czech Republic', 27865, 10, 'NA'),
(11, '37280 Valley Forge Dr', 'Apt. 2', 'Ísafjörður', 'Iceland', 45364, 11, 'NA'),
(12, '4091 Railroad Grade Rd', '', 'Kelowna', 'Canada', 45367, 12, 'NA'),
(13, '4326 N 50th St', '', 'Waitakere ', 'New Zealand', 78441, 13, 'NA'),
(14, '165 Willow Ln', '', 'Maribor', 'Slovenia', 57456, 14, 'NA'),
(15, '110 Barney Blvd', 'Apt. 384', 'Pirkkala', 'Finland', 15248, 15, 'NA');

-- --------------------------------------------------------

--
-- Table structure for table `Admins`
--

CREATE TABLE IF NOT EXISTS `Admins` (
  `adminId` int(11) NOT NULL AUTO_INCREMENT,
  `username` varchar(20) NOT NULL,
  `firstName` varchar(50) NOT NULL,
  `lastName` varchar(50) NOT NULL,
  `password` varchar(50) NOT NULL,
  `email` varchar(150) NOT NULL,
  `age` int(11) NOT NULL,
  PRIMARY KEY (`adminId`),
  UNIQUE KEY `username` (`username`)
) ENGINE=InnoDB  DEFAULT CHARSET=latin1 AUTO_INCREMENT=16 ;

--
-- Dumping data for table `Admins`
--

INSERT INTO `Admins` (`adminId`, `username`, `firstName`, `lastName`, `password`, `email`, `age`) VALUES
(1, 'edgarganta ', 'Edgar', 'Ganta', 'edgarganta', 'edgarganta@upr.edu', 20),
(2, 'elbazurita', 'Elba', 'Zurita', 'elbazurita', 'elbazurita@upr.edu', 35),
(3, 'kelynteresa', 'Kelyn', 'Teresa', 'kelynteresa', 'kelynteresa@upr.edu', 24),
(4, 'cindyentes', 'Cindy', 'Entes', 'cindyentes', 'cindyentes@upr.edu', 61),
(5, 'elenanito', 'Elena', 'Nito', 'elenanito', 'elenanito@upr.edu', 16),
(6, 'elsapito', 'Else', 'Pito', 'elsapito', 'elsapito@upr.edu', 53),
(7, 'henrydiculo', 'Henry', 'Diculo', 'henrydiculo', 'henrydiculo@upr.edu', 45),
(8, 'belengena', 'Belen', 'Gena', 'belengena', 'belengena@upr.edu', 38),
(9, 'elsonbrero', 'Elson', 'Brero', 'elsonbrero', 'elsonbrero@upr.edu', 17),
(10, 'estebandido', 'Esteban', 'Dido', 'estebandido', 'estebandido@upr.edu', 26),
(11, 'aitormenta', 'Aitor', 'Menta', 'aitormenta', 'aitormenta@upr.edu', 23),
(12, 'tutosemufuete', 'Tutose', 'Mufuete', 'tutosemufuete', 'tutosemufuete@upr.edu', 31),
(13, 'tarayadotukoko', 'Tarayado', 'Tukoko', 'tarayadotukoko', 'tarayadotukoko@upr.edu', 29),
(14, 'takuradoyamimito', 'Takurado', 'Yamimito', 'takuradoyamimito', 'takuradoyamimito@upr.edu', 43),
(15, 'tezobotupansa', 'Tezobo', 'Tupansa', 'tezobotupansa', 'tezobotupansa@upr.edu', 19);

-- --------------------------------------------------------

--
-- Table structure for table `Bank_Accounts`
--

CREATE TABLE IF NOT EXISTS `Bank_Accounts` (
  `bankAccountId` int(11) NOT NULL AUTO_INCREMENT,
  `accountNum` int(11) NOT NULL,
  `userId` int(11) NOT NULL,
  PRIMARY KEY (`bankAccountId`),
  UNIQUE KEY `accountNum` (`accountNum`),
  KEY `userId` (`userId`)
) ENGINE=InnoDB  DEFAULT CHARSET=latin1 AUTO_INCREMENT=16 ;

--
-- Dumping data for table `Bank_Accounts`
--

INSERT INTO `Bank_Accounts` (`bankAccountId`, `accountNum`, `userId`) VALUES
(1, 456789315, 1),
(2, 896541986, 2),
(3, 896754198, 3),
(4, 865342196, 4),
(5, 385198561, 5),
(6, 413459635, 6),
(7, 595173218, 7),
(8, 719284381, 8),
(9, 193289632, 9),
(10, 293459292, 10),
(11, 196355952, 11),
(12, 388429935, 12),
(13, 695447233, 13),
(14, 722458526, 14),
(15, 435459852, 15);

-- --------------------------------------------------------

--
-- Table structure for table `Baskets`
--

CREATE TABLE IF NOT EXISTS `Baskets` (
  `basketId` int(11) NOT NULL AUTO_INCREMENT,
  `bname` varchar(50) DEFAULT 'Unnamed',
  `userId` int(11) NOT NULL,
  PRIMARY KEY (`basketId`),
  KEY `userId` (`userId`)
) ENGINE=InnoDB  DEFAULT CHARSET=latin1 AUTO_INCREMENT=18 ;

--
-- Dumping data for table `Baskets`
--

INSERT INTO `Baskets` (`basketId`, `bname`, `userId`) VALUES
(1, 'Random name', 1),
(2, 'Bleh', 2),
(3, 'Nah', 3),
(4, 'Something', 4),
(5, 'IDK', 5),
(6, 'UFO', 6),
(7, 'Some things', 7),
(8, 'Wish List', 8),
(9, 'Need', 9),
(10, 'Want this', 10),
(11, 'Gonna buy it', 11),
(12, 'Somebiddings', 12),
(13, 'gaga', 13),
(14, 'Blob', 14),
(15, 'Nothing', 15),
(16, 'my New edgargaj', 1),
(17, 'mama', 1);

-- --------------------------------------------------------

--
-- Table structure for table `Bids`
--

CREATE TABLE IF NOT EXISTS `Bids` (
  `bidId` int(11) NOT NULL AUTO_INCREMENT,
  `amount` double NOT NULL,
  `bidTime` datetime NOT NULL,
  `userId` int(11) NOT NULL,
  `bidEventId` int(11) NOT NULL,
  PRIMARY KEY (`bidId`),
  KEY `userId` (`userId`),
  KEY `bidEventId` (`bidEventId`)
) ENGINE=InnoDB  DEFAULT CHARSET=latin1 AUTO_INCREMENT=21 ;

--
-- Dumping data for table `Bids`
--

INSERT INTO `Bids` (`bidId`, `amount`, `bidTime`, `userId`, `bidEventId`) VALUES
(1, 1, '2013-05-20 12:35:29', 1, 1),
(2, 5, '2013-06-20 12:35:29', 2, 2),
(3, 10, '2013-07-21 12:35:29', 3, 3),
(4, 12, '2013-08-22 12:35:29', 4, 4),
(5, 20, '2013-09-20 12:35:29', 5, 5),
(6, 25, '2013-10-16 12:35:29', 6, 6),
(7, 28, '2013-01-20 12:35:29', 7, 7),
(8, 50, '2013-02-20 12:35:29', 8, 8),
(9, 70, '2013-03-20 12:35:29', 9, 9),
(10, 90, '2013-04-20 12:35:29', 10, 10),
(11, 100, '2012-05-20 12:35:29', 11, 11),
(12, 150, '2012-06-20 12:35:29', 12, 12),
(13, 200, '2013-06-20 15:35:29', 13, 13),
(14, 500, '2013-09-20 02:35:29', 14, 14),
(15, 7, '2013-04-20 20:35:29', 15, 15),
(19, 95, '2013-10-28 16:04:40', 4, 10),
(20, 104.5, '2013-10-28 16:24:05', 5, 10);

-- --------------------------------------------------------

--
-- Table structure for table `Bid_Events`
--

CREATE TABLE IF NOT EXISTS `Bid_Events` (
  `bidEventId` int(11) NOT NULL AUTO_INCREMENT,
  `startingBid` double DEFAULT '0.99',
  `startingTime` datetime NOT NULL,
  `endingTime` datetime NOT NULL,
  `description` varchar(255) DEFAULT 'No description',
  `soldBy` int(11) NOT NULL,
  `productId` int(11) NOT NULL,
  `basketId` int(11) DEFAULT NULL,
  `minBid` double NOT NULL DEFAULT '10',
  `bidTitle` varchar(50) NOT NULL,
  `picture` blob NOT NULL,
  `winningBid` int(11) NOT NULL,
  PRIMARY KEY (`bidEventId`),
  KEY `userId` (`soldBy`),
  KEY `productId` (`productId`)
) ENGINE=InnoDB  DEFAULT CHARSET=latin1 AUTO_INCREMENT=16 ;

--
-- Dumping data for table `Bid_Events`
--

INSERT INTO `Bid_Events` (`bidEventId`, `startingBid`, `startingTime`, `endingTime`, `description`, `soldBy`, `productId`, `basketId`, `minBid`, `bidTitle`, `picture`, `winningBid`) VALUES
(1, 20, '2013-05-20 12:35:29', '2013-06-20 12:35:29', 'Cheap', 15, 1, 1, 10, 'Good Item', 0x89504e470d0a1a0a0000000d49484452000000ac0000006408060000001b8adb0100000424694343504943432050726f66696c65000038118555df6fdb54143e896f52a4163f205847878ac5af55535bb91b1aadc6064993a5ed4a16a5e9d82a24e43a3789a91b07dbe9b6aa4f7b813706fc0140d9030f483c210d06627bd9f6c0b44953872aaa49487be8c40f2126ed0555e1bb76622753c45cf5facb39df39e73be75edb443d5f69b59a19558896abae9dcf249593a716949e4d8ad2b3d44b03d4abe94e2d91cbcd122ec115f7ceebe11d8a08cbed91eefe4ef623bf7a8bdcd189224fc06e151d7d19f80c51ccd46bb64b14bf07fbf869b706dcf31cf0d3360402ab02977d9c1278d1c7273d4e213f098ed02aeb15ad08bc063cbcd8662fb7615f0318c893e1556e1bba226691b3ad926172cfe12f8f71b731ff0f2e9b75f4ec5d8358fb9ca5b963b80f89de2bf654be893fd7b5f41cf04bb05fafb949617f05f88ffad27c02781f51f4a9927d74dee7475f5fad14de06de057bd170a70b4dfb6a75317b1c18b1d1f525eb98c82338d7756712b3a41780ef56f8b4d863e891a8c85369e061e0c14a7daa995f9a7156e684ddcbb35a99cc02238f64bfa7cde48007803fb4adbca805cdd23a3733a216f24b576b6eaea941daae9a59510bfd32993b5e8fc8296dbb95c2941fcb0eba76a119cb164ac6d1e9267fad667a6711dad805bb9e17da909fddd2ec74061879d83fbc3a2fe6061cdb5dd45262b6a3c047e84444234e162d62d5a94a3ba4509e3294c4bd46363c2532c88485c3cb6131224fd2126cdd79398fe3c7848cb217bd2da251a53bc7af70bfc9b1583f53d901fc1f62b3ec301b6713a4b037d89bec084bc13ac10e050a726d3a152ad37d28f5f3bc4f7554163a4e50f2fc407d288851ced9ef1afacd8ffe869ab04b2bf4234fd031345bed13200713687537d23ea76b6b3fec0e3cca06bbf8ceedbe6b6b74fc71f38ddd8b6dc736b06ec6b6c2f8d8afb12dfc6d52023b607a8a96a1caf076c20978231d3d5c01d3250deb6fe059d0da52dab1a3a5eaf981d02326c13fc83eccd2b9e1d0aafea2fea96ea85fa817d4df3b6a84193ba6247d2a7d2bfd287d277d2ffd4c8a7459ba22fd245d95be912e0539bbefbd9f25d87baf5f6113dd8a5d68d56b9f3527534eca7be417e594fcbcfcb23c1bb014b95f1e93a7e4bdf0ec09f6cd0cfd1dbd18740ab36a4db57b2df10418340f25069d06d7c654c584ab741659db9f93a65236c8c6d8f423a7765c9ce5968a783a9e8a274889ef8b4fc4c7e23302b79ebcf85ef826b0a603f5fe9313303a3ae06d2c4c25c833e29d3a715645f40a749bd0cd5d7e06df0ea249ab76d636ca1557d9afaaaf29097ccab8325dd5478715cd3415cfe5283677b8bdc28ba324be83228ee841defbbe4576dd0c6dee5b4487ffc23beb56685ba8137ded10f5bf1ada86f04e7ce633a28b07f5babde2e7a348e40691533ab0dffb1de94be2dd74b7d17880f755cf27443b1f371affae371a3b5f22ff16d165f33f590071786c1b2b13000000097048597300000b1300000b1301009a9c180000027669545874584d4c3a636f6d2e61646f62652e786d7000000000003c783a786d706d65746120786d6c6e733a783d2261646f62653a6e733a6d6574612f2220783a786d70746b3d22584d5020436f726520352e312e32223e0a2020203c7264663a52444620786d6c6e733a7264663d22687474703a2f2f7777772e77332e6f72672f313939392f30322f32322d7264662d73796e7461782d6e7323223e0a2020202020203c7264663a4465736372697074696f6e207264663a61626f75743d22220a202020202020202020202020786d6c6e733a786d703d22687474703a2f2f6e732e61646f62652e636f6d2f7861702f312e302f223e0a2020202020202020203c786d703a43726561746f72546f6f6c3e41646f62652050686f746f73686f70204353362057696e646f77733c2f786d703a43726561746f72546f6f6c3e0a2020202020203c2f7264663a4465736372697074696f6e3e0a2020202020203c7264663a4465736372697074696f6e207264663a61626f75743d22220a202020202020202020202020786d6c6e733a746966663d22687474703a2f2f6e732e61646f62652e636f6d2f746966662f312e302f223e0a2020202020202020203c746966663a595265736f6c7574696f6e3e37323c2f746966663a595265736f6c7574696f6e3e0a2020202020202020203c746966663a4f7269656e746174696f6e3e313c2f746966663a4f7269656e746174696f6e3e0a2020202020202020203c746966663a585265736f6c7574696f6e3e37323c2f746966663a585265736f6c7574696f6e3e0a2020202020203c2f7264663a4465736372697074696f6e3e0a2020203c2f7264663a5244463e0a3c2f783a786d706d6574613e0a8e894d44000039ed494441547801ed9d7990654775e6f3ed55aff6eaae5ed4ea55addd92905aac0224610b8f20583dc8d80ec7d8333110e3b199192f638fc31348c33f3326c2019e305878c376844306c283b1018f114866934012c3a20524b57a5fabbaababbb96b7bff97ee764bef7aa252f2115d8ba5256dd9799274f9ecc7bf3bbe79e5c6ede5cb7db0d5972b7dd76dbf0ecec6ce5dcb973ab4e6c6c6c2c3735355578d545afaafdf2fb7f79299df32db7dc323135b5b5bc69d368c8cbe572b97ca3912f763acb8595959542b55a3dfda10f7d683ef1275f7c3985f3ef78c73b8cf4f18f7fbca36bb9aaccc4fba2bf76572097856b7cc71d77e4dffbdef776b82c57bfe4da3b17cf2dbda5db09a742ae5b4c10028a3ad7c2ce5d972c4e4e6dfaeed8d8e8e71617e6eb0f3cf0955faed5ebd343954abd2bfe7cc881db42b7dbca174ba5c2e4d4c6f952b9fcc850a5fcf5b191e1af6fd9b2f1e10f7ff8c327cf6f8208e0c24d37dd14666666ba2f02f8fc2bb436f1e2da88f9e795f2c8238fa0ed02c05d59ae5dd6ea7436763bdd8d529656310130b4db9d902f14c2899327c2eca953578f8d8cdf16a40f6bb546989d5f08c3957258a9b74268b5950745b91c46c7d785e1b1f5338d76fd92a5e5dadb4e9f5908478ecfed7fc50d377f73a852baaf3a34f4e0baad9b1ffbd33bef3c16b5ab04b84353eb28eed9b327bce94d6f6aa71b2aa5bfe83fbb2b90090d2b33a0f0b18f7d0ca4e52ebef8b24fd71aad5b05ba9ae26581a69b0bb9c093441a53c06d86a327f6867269a4502e0e8b9eeb08dc86b78e74b4228187fdf2622d4caf1b0f5bb6ed0ca28476ab95138cf3e20d79a54b638baf1b4a85e2fe52b1f0ff2a43a5af5787aa0f6ddab4fed13ffee33f3e727e73a81e852bafbcb220eddbb9e79e7bd25d713edb8bf17fe40a6442c39e778ed26c507205fd48c52a6271794a40cb0e15c70160b7159aa158acc80a00d000b52bd63e7f920bcd2c0ab8720eef46a393eb74da85955c638772efc82d74df46c1478f1fdb77ddf52ffff67065e88191919107366f9e790400eb8e00a41ce6a2f6cdeddab5abf3a2f990aeca3fee670eb0ae2b05ced4fd31fc39080d8cd2b768d176b3951ba98eeae15f08ad8e702416d9b1f2f3419dad100a79330c90a3873b5a561c0a4b53aa0cd3b06242279b866e349b854ebb9d5f5ec9edcc17723b8bf9c25bf2f9d9ce91a347f65fbbe7a50f0f0d0d7d7d7c74fcebbb77eff8ceeffcceef1c978c9ef990e40675e06ebff2caeeedb7df0e299d0ae1175dbc029903acf5bc0432f06a08934f3875bee2799b071083000c16311cd4d7b230fcf6dc9747320eedec929c1fd08a2413012d1ea4a98ba84fa1b72dd7098d46431dbe2e7dbd5d92bbab50c8bff944fe44fbe0a18307afbd76cf77a47dbf363939fdf5cb2fbff8dbef7ffffb4f8ab7a77d65ef521e8ea78470fc8ef0a216e64ae83abb97995fb5bb8c4c30c52919f2fcdc2c0e3009086c066292122f5a54e803a16e9fa28f61268f1fb277c90c7a8d66424c207491ad77d7916a168af3ea1e48918bbbd36c3673322174adbb0575de7616f2b99d85d3f36f3e7aec78f7a97d4f1df8fc3df77e6b6c64f4feb1b1f1afeddab5fde1dffeeddf9ed58950c51e880dbeeac4bdd0472132d1e94213250db56de7459f11906e55733705ab520f5c22964a15eb741d3f7a28b49aad3036312e9bb6123ad288a0ab5c2e1b186b2b358d18d4c3d8e868b870db0e896094a1cd33daf8c41da4482daefe1a7ad5e8a4c3d76eb7444afce4017bfae56e7267436c0a5a7945991fa56249e517834c877dc395e16f8c8c54a581c7bfbe63c78e47013037c4a0d339a3d90b8c423cf8e083981714927997350d8bed6af0787acbb92a25b1516f489bb665abd64275a48c66140065a54acbe60d07428269ce0129961d4daa3e9af27649076f80174dacb8a522ab9b8fdaba8f2181d3404a26b2925ba93a640b68284d3790ec5f495d38bbb3502cecd4cdf363e5a3a5ee934feddb7bfd4b5ffecd916af5fef1f1d1872ebae8a2c73ef0810f9c903cac1fb380066a99f960e6006b680048a0c7f0c28f83895f1b42889036e0e8c7d8f0654d74726d0197fc51806527a7d28d64dc8a995895d12bc8e55819792ba7dd4b526ebb110474ac0e2f1f813a906790c718e95835da9deef2d2727eb123e4e772bb4ba5e2ee4ab9fcafcba5627befdea7f6eeb9fefa6f0d0f551f181f9f7ce8ca2b2f7d181b98eabc105ce6009b30020e0c730ead5e5b0216871cc07132e03480e24bcbda9f04e19f97dd32c06b10431205525004ae05d1d4dd8201931b00e765212f162a8f9ad85f2f510846a4847063158a79d3a21a7de82e2e2e15dadd4ea1900b9794caa54b86ca9577148b471a070eee3ff1adef7ce77ffceddffccdef2b1fb5a1dc5808b16cb98c00d6e7f353d3d05e06b6f80b7d001886b1d4a2d6c6d27eb99c7a48d8a21de5b4b868805718701838367b0a15684470e961ef614926dd461c24a3ab43a3b52028550d347af95647c88631ab1f7c70f6f1a60e1ce315ca532c16422914a47bbb1decefc556ab586f34cba3d5dad6c989895789eff7012ab37d88d09149970dc0aec6ab1aca41e0bfa9ddfac04bad49ba03169fce7d4763b202bb695986620b76a0e6e05b752380e2019a3ddde1039cd075304c96575cdd30a06c743c83a5558e9f787301568fc67294e49c1e671a4e9d4bd5432364929bcf7773957c5d55ada85ecb70bf101c77e3f3de0de2950e140e5072001ec30680002c1621c19d47f50b9f400b30630e81d5e389171e1366ecce6f6931dee353c06f043dd60b45c01593c4d817e0c19409d94ab33a2b947c2acd8dc26804bec73b0cf8e634ba51b46cd91b9e4c57e5697eba924f4b787e13d089bd261f381569339181c6a0e322d8853040823e111446d31a48457020930b38c31df9f0137530bf735876a944c9f24b4deef4e7b22c7b9462523decd87429dc65c4a5fd39fcd4e4cb398675a7bd405cf64ed4f0e320726da4868de00328a6ad0646839226341e651b8c3b4db9c81f211525f7e1419e98664463885c009854e1a9a0350cc811e4ac3e3d5e78629e5565f74be8858068d2b25e82c5a066af1d7b67bd3a90b913952ed319a62362013524e7bfd0bcb90d4f16730a790d9c4a700ecbe63f2218a0222971d830996962c9b77c0332bc002f41b3ac9806498695832c78225f144d05e3d470acc58017956d3c194fd0486ee6dab1772dce0b64f4444d171910622836b04336810d6424bc18902c6254d1fdd238a98f18039a889e4f74c27651a31fe316333e529d3f69d97e1ba88c941f51702a6efc3011ec7931e224d7d431dcd6c2f418ccbc9761c07adb79f3a776f44657172611e4470e791e22a0c3b1245a4cb01c70b84bdada6206cc94221fb6982de22fb2d1098ba641aff72749a90863eecbf1d2fcd7a9d4c63b665e7eac45c786bffa19331ccac6b0d63fd04034295acbac3dda9ef0007f4f630a4060c852cd37e6c8eb4031351d41c558ab214dbf2e2ff110272d9522ba45595ca3fb80a1b2023dfe960ed84894437530a466799dec12f4ab7f6478dcb857fd68854d4615cfaad3b448e64e9427796ad80805072ba71b1bde7bf97e3100c2aac7b04146b0c12e8dce00d78f26b2fc48c44b473f60725d36e97d403b68a569f933e151642a2389254fa2459681822c3fe7a48536996bc7dee99e17c8e089aa85d1966ac804dc74ce68598685d2b8a883c11141b8a76d952181d8f33ad8523ab45e1850ad8ac71cbdb1d73e6fbfbc38a9a079d6c88d043b5ccb0f0279206c27e46765b2acd2caf6023209b207d8083c8090067d085bdb3a624880943c0b27001a84c467bd7f521486460e0f41b2427a69b09933de3ec08ccf720fa4c3138f7cbee8b2fac95136650db8581ede79290ee1814e577a21732077a6829903acd649a981640b82299a4ae0ec3534b43804d56b45681110e4303029d1c1293c006ea5dbe27f1734c003239ca4f36b510b27f96431f92653e1e4cb7641d3a74e98a790cb30685c263395499209232017d9f054372de47d61b8cc0176b0d9fafd220713e0d394a6cc823e97a580a29e8be08b4001610e1c4748025f62b7ac29ff00b8122901d1f22599ca9c6069f6ac3a62cecfeff939634922a7145bd2952a803f68940fd23318ce1c601d50a969bd3501aad9afb101136e921fb95c81c5ac099800daf980588299833a8a832305051e0fa77a78f4bc74112397b1e73575cbdbbc20cf52c8640cf8f18090820ac4dbc7fcf40ce95722bba1ec0d6bf56ec1080a35320a15b282fe43402dced3de5d0f093d4c3a74e8bc89c9922db7c50d8452df80d2dff382250a45740cc267d92dabfd188162d30dc1db09f069af19697f7bf9c697cc225b7fbe7c56e14119545e714bd3c9e9f53152397a67a470265df6006bcd14dbcd5b5976ab8822ad02686c4ec0c2d16b6ac286060b189727eb977f80d4173490192e0e392bdef99de0bfa4faf42d75e9630bb0f36a0ef66cbb054c3dcdf8ad50803b288f9b45c21ccdd429dd8f7da183056728dcd347d939a7d47634b0ebbdd560e44c2320bcd5e3a93bbf21c182202239c2c822c1fe2d215220f961f288a80e3d0c196bef07c0277e88fd2ad009d37a034c0311cf471e7c9e2fd543655807529c64d46faf900c073277923aa1f81c3dbfc9071adcc094600b3da2213634c03074a4860764862c115818d5474fa43b9440592fc9844441bd7014684c49a603d0802cba2d90610cd7aaaf8ca2a5b49e7001b5474b757c81f8993409d22395bbb107b4d4a0115b161d782c13efe10a901843ffd7e10f5084257b3c5bc0b944345196283ad90cbcc97c48f90c7f660ec062c29c15a1506cd8adc05a96bcce42366d14458a2b6de78ae7c5cda37f9f9a3591969ce11fda347b2ef6411c023a3d00a5e6344ce8a7673f0e34b14394d68f44f3e17512d141ad061779d20de1fb72c54b99c42893e7b1858b03a21343ffd29b3cf8f587961d340d9061a714cbb3b89d0775b04e5bfeb39f7d329b6dd9bf4416cadc490a5f4dce2c01c9c1e9d045f302c00a7b68e19c0cb3c77b048f821375862482bd06d09680de07912c47cc666521639028114449737202efa0dfe74975307e992c74c01cb45e4daba209f2ba95b413a3f62f5044e7a44ed7f0f0614bd566ce035cce9ba5dfcc0156e89801984db6c754d309718a29105b1c8c2e2f2f591b32fd9a80cd0c98757ad06e3ab45756b7d9eee6b4376cae506a760b256d1bc7ab2e395951ddb2808bcfe5a3107976200f4a2acf8af9077e22782347aa8b4910684dd362cf0e96a10278bb77687828e86d592b179320eb404d17311336acf65d052ee626c6c73f25886e5c5a5ad951afada0156d2489314e342b1deb2d176c09a74e9d0ada7130349b756d1154d1ce2b4d7fcddb3468aebb52abe7366d985e9c1a9dcc9d3a134672f9156d75541788a4c0b569a1de59356ddbd552546d5a287b53da0e15acd7c46d53169b4e536103ce6e1cc501f52ab344d9e0e424126811e59d7f78b5131189a41b7815d13f5ad8b1dc95861d5e5d98b367ee371380d5f6945d76fcc36dd9bcf1af862ba5a163ed93bfb6b478aed86cd4b5856021d76c35f5166c571b1997c2ce9dbb0c18878f1c16686b02a2b6dc6cd7b51b77dd40c04e8467b5dbf6ae6d1b96b76cdc999f3d5e1a999b6d1858db9d861ec5f5502c03f4256d92bc1272c565e56b4aa6545d5187d0d611705944c53e077ac1d5672f646fdae27181cd874e315134f2af64439be35067a18028001b2d6be3b3dab38b38379ef6df0ad5e1615b5fcb7e60ea9ce5e7e7e74d04d720cb2e1380d576943c376d8b95871f7dec7dda60e2c7daad4e6358fbbfea90194ab21ee95a1da5d60ddffdde6361f1dca26cc4a21a7e3494ca43025e45fb6c619f9a69901b1d9b0c6716eb1b96dab570c575e5b0b428e3b85914a88ba1b13216ea2bb9b0b4acfdb9f4ed8f564d9a5a7cdd5c4d806d4896000d8875e48ba2b1fd9136d4b0d134d3c00e4953c88a331507440db61045c090718dec9d3034b2839b1b81ed3cb5197389d55edaaca3d32d1c3b768c93ccbccb0460075b49b6eb942d70d1b3da006a63960e583a3128b4b9b939cb52a90c598303523a55ec43e0c01174228dc9d2a2ecd7ea88f6c51290c624c0f6e012685ada40aedd9449d0c80940c550af8d0ad005f9a5505be984fa522334f5dd047633ec1600f062281600b50e7cd3ca68d8367dfd3812c0467202b019e0aa2680565df49e4268c93200c8ecb678eeec023601da95e4bc36617e51c30e02e1f91216d096b1f36406589b3b0281a143114d353c5cd5ce85cbdabc551b5288eeda4b408045ad8f43d1015ab49ff0a64e1c617ae5eaf4d8eb2dd27f0255be20ed39dc09c521817a14696dd3807a821bc09a0d01ad0ea047b485e77068d414ae7542b3a61d0b65a674ba0d895c517da5f1656ae4f30d6962c9d4b65a1aa0b083aacbaa517d0a269b3855a3de740415edbc08586bb6e7df8f40c4763e02829a510ef8390609b9d3eed81600d8864cc52c1c7f239b513d9d67b60e394002425087687240ee362ac087c623da38556e5be64643473b0c6b8bce31316b732c69486e829c009b0f00bad118d55191366ea8f35797e9815656e74e60eee6ea92d31460f90a0e05231cf346b66d31cf7edf92d39a5e6435b89cbe4fd63f51081973993309ac5f23403cadd5d4d6464bbe1a32c501a5695328ea38d9248050cea31c80c007a0b12a1db000d862e6b39f56d2d48089033bd34d131ef1e205670670363a5605a5418ba5b640a7d18baa68809874f1b5db5a04a3a3259bb9d92cf30111d3c6ed9600dc412b0bd0b956b7bddc28ad5fbf3ecc6cd8f8a5ab77ec38ab12c22e7de4033fab2e7b80054b03ade5da151a54006930350e3305620a00c4014bff7510bbbd0ac8120e1cb40657d1dc571efe0166ef805f32e211216d344a0098ec7fc168029a19f9ce237b56a60087817988918692d28bf2b55bb83252065f02d108487e62623a5c78e18e47def5ae77d984893eff942aaa52b2e7b2d9b38ce0f2c73c40f2868b5eaf1569788066ceb0ecbad4400df0949000d8e948abe948dfce7073200234820861063cc0679925405ad365b82ccab25bc6cae5a6005f7de05375d7b2685a0e81539d2ced116b726c824376ab86b3f2a363e3cd5ab3110eecdff7eedff88ddfd882ec9b6fbe19433bb32e7b1ad66e4120e14804382855a318908488012d4bcb3aa787300d8c171fd0ea70ade6e909c0a67195b11717e80cc411a048b53f01122d2d462b29f11337d9f8fa431347d8529039aa094f4f9605f971718cd6616eb49a8dead252bb04fd451b96abf0bc7351b7d2d8a0cf7ea0113114f4cf48518001d848c53135e68e44c081c6f427ad81cc34aad3c9a79001cbf90893861f4d090b13474e4c33987a5e88fc7922d238f497c04f26396ae5210f3b4d67a5ef396be2222541ceaccb9e86b5a6c2c6e3714bc3ea4f61e0e683520a0c362d7cfa6370c8341a89a4479038684c68d4b496e8e9a639fd510d701da403fe000da12e16d0c2e3329d1ef318077425c2100f723abff3c1c1cede3e3dacb0c6dbf464c8a679c7c90eb8cc9d24e00310343a6120ab3e8dc5bde1956671683c5205208c4639d2934ba19407b300473c81d37aff2a2b69e054ae7199467629ab800c880780ec79c861c24dbec7a0a45a7862e22516116c412136a7e1ad81b37272167fb3a761d56c3e4435d85c6850c7e9200c5afadc90815aaab5ff51b9c81741cfca28ffe6d6c0e3dc401a6dce28b00f4ab004af7a4c4a7390f5980c9046339ea46d8dd12bac2037820132d6a11785c368045cd758b9aab2c6625f042c97e5f9e88087b9688bd2926859a3db38ab37766548eb6259be251088dc43b43e80ac1926e8e4ec83aa0fcaa455d196e7a74b134750f5f9238f55eae93f7d3ec9b35a229f0af57dcb954e4cbe71f210717e3edc91b9a7e5d3af5426f7c68feb01d4a8f4bccd30a5e9adb1edc76c512e46b9ac0f25ca377b17020e821cfc68eaa8c70c406e0a601a6023cbb7473b6074fea4590d804a232181319911c60bdc3c60650dfe247e17ea723d9dba27007b35c1ab511578d12418bc8acfc77004deeac6f6184bf6304979dc03e8552684106071f20b54002d1dc41d503213081b606103bc32010094d112b0f0fb1a98f49e0c78cfd7dea4eb40db7b88fabaac1e9021c9918eac18c8e97bb62f6a58aec9f3cf093cc94593c01a37d2788417b5ca697a6a83565bf14dd8c84fe31b3fdc42abc5232600e700f012789c060fa044ce6a70253aa24803f842748f3fc9f154d2fc804e98bff39da589e8f763bc2b3555d6d10765cee7cd623c739d2ebd58e2f6a8b5160d9eda51befe5d336a99e0c8880176a98966044e240314149542863200a8d5570299b665372ed38a3d2d0aae18d6128fe5254e9e046065211734cb2350036ce2896ee1249bbcd40169f8961d7697e151e749f9e5eb9c5e302641761f23d6c8ded0bdc7be688c0af0f25e43539a8b4b4bb6ea091c40b77e0b5a56ffec77854ba304062269633ea29c00e97e02d96a1fc0f5816a3193673403a3a3915f0769afc28653400a622dcd2896fd693f9e3748c3b27036fb2e731a16b0b1dacae1a006a4194d8b7990285a362ecb0b258d04f067390893df80821c07ad6951c06a9872101958a5570d54560489f66f7c229956358d4ef9e988bcd48f230ab574d3be46f554cf035374510639ad2e2e81585e6b6bb3ab7cd2f9cbcf1e60ede40ca58e55fb75b03a1a35e62a2d79f6dc3935b400aa6656832b97c1c71889f3e48e591d78d89fd0ed716f1c06321bd64a6931ddf99cc791a5bc0636408f0c2faba7a92d9f5721d64211cb62c494c7f92dc54ec5e4205ae36f2f140d9bb9bb126dd9435a2f040daa86a9a4429908585ed10b87bcdbcfb6540620e74960e23d30f801241d33038df5ea41b2e2d0cc2e55348130fa7d8039381dba40311d68f92413c439dd7e4d46645595484af2c8eeb2bccc54ae8f62e8b5861780cb9e86b55b90a697b35ebfc3d7c060cd2dd06a9400b6bc260700407200c35a9d9fd8f1e191ce5bb0bcfa62930be4b078f44d15a7f0d37d839875cc56a745245ad10990f838f715b6a8e7a3624461b15564c4138b9649f0f2b965cef84f06352ca72420a6d6b5062422671e8ba379c7aaae0d35961d1c06068115a0f263335c96c3d30169d4b4685bd3b8a675a396346d49980320c16f81488b60450e691cf14f112fc87e9d4a45578336ca14afdf34c439342767f9f315bd3213b7b3191097c160f634ac1a09cc45e5aaa6c7814485a257abd5c2c69919bd6b55d6ebd9c958251d2300ad0b2bcc4a132052c7490407125ad51103c9f87b51050caca2f2d77bf4438fdc363466619797001c934d34cc2e815c1691af5a1962a99b3b6e1ed553af8fb13a3684871e7ac88bf1e435fbd5644a4efb3ff40ad63e1014fc03779904acb798aeadff1bf41282536b326cc58c964db10a100e50a58a66af5c83403983996c5eb4a7c52332dd532a40146b1fa4f0459af926c1f2c2e8fc51b665f4244f534e68566a9fd7487d363b1fea93d7f05c414f0b4351d136da0aecd170c71d773ca727a7c0d8958c5cf2f9328deae55379b11eb7dd765b811d777ed0c0cd2c6081496c4abbc4838d2e2356abf45ba1aeb7544bda48c391ed20023809dc36452b2dcb5bb1683280d10394f80c5af8e9308acc82c887267537c80345711b5988d054068a4d720c80ce65bfd443abb1c2c2d2b9706eb91e2ac57c18ad0e854aa96ce3c54dbd9c586f2c516cf8f8c73fde5e8bf7ba002bf2924f58f5189257d5311f011cb8397e90a0cd1e60536b1bbc5641966b6ec8280200bd23c5a3beac3080b0a7bc431226c7b0e21d2d410cda13004ddceb744539096080cfc200517c4e37a61e0895e27f5e10899462bf290d0ad5a75ecae8d5d0b81bf6f690f605bbe5a5b7684a795a9319ed50d176450f3c701f2640d83033931ba956eb26cd3521c13573bb2edb72e9cbaffd91fffa0beff9b56b3bedd698ee9dc3efffad3ffadd5ff9c59ffd73c0aa9ba420cdee53866b56ea330b8a46fb33273e5fa83c9ea455ec825d76e5559f5e5eaebd41206a0a8825c08803146caed6d6a66fb3270e8796f6262857ab61727a466018327c38bc1dc0964959376dba501662411b6968830be02420812593889634123407198035bbd5589c4ed90e62695ccbef60747a0278ca0f6f946f81ae3a87e7c2c60d17846baede13d6ad5bafed95aadad86e382c2d2d75e7e667738dfa4ae7c20b2ebcab5ccc3fb465eb8e1deb663694359160529064ae9bd325d1226f53fa6e31f00430450f2dd7e9b255cecad2d2d9e3c78f9d9b5f5818d6829af6a60d9b35eddb789bb63db86c7965259c3b733a9c5d5c0eeb366c0abb76eefcdffff13ffcc47b90ff83026de634acc6596dee0a30e0d056696d2b3357840d284a63d556e2819d490440691a17b0e8606d2c7fd6b93192e4b968a31336564342922ca9223a489de63630e1c88fa64542e4ebf15321a3ab2eaa50b3a9cde694e9c891fd61dfbec74dd30e09ac575c764db8f2875e92abea663b74e0a9bc765ffcc9e5a5c59f3c70e448989a9416b63d15381f77b1ca31e254af4b3f85f16969ea707a7e4ee51dd5a673c3b6791edafddbdffe6a6bffe3dfcb4dbfe4aa5c6d6eae75e68b9f2b5f77c36b7ee1f8f17d87de77c7afbf1f0dfb83300f32a761aff8a1abff7a69a9f64601ac29406a572c35088f7d3555a150b29d554e1c3bc49ba661a83a1226a6d6ab5130cd58cbed60757e7274c3fa8d17e897dd59f4c405c0864e81d6937b8848a600720c02c6ebdad3c118c3a41b4807d31c3409bcf8d4988d33ce9e9d0f4be7ceea662a846ddbb66b5fd861ed0d76321c3f7694a2c2ee8b2e0da3e393ac8f681f3a7c3077f2d861bf13bc667d343e3d6ef9077eec8caed9f3b29c009a7bf289a7ba3b76ec14f0ebe19bdf78c02edf9537fe70d8f2b29786aa6ea47d9fff42f35b0fdd5f7ac975d7772ebdf8f29fbaebae3fb94b373a1a40d5e7227d7f5ce634ac90446b1b68fcaa3958b9e20e1cbf90d63a0a920a5013953c9ee6a041bbe951aa9ffea3db8669f52c35c9804b4c34919517db8a36b376339b564295882c6e201ec5961ecba2ec7e1b9b14d39067e64f1960499f5e37215016cdf6debc799b764f6c84f93373e1c9bddf0bd7ed7945a856470b931353321746749fd2ac1448cee429924e9300c929ae005b1f9d5b5c0aeb740333e6bc6e7a3a2c2c9c0a4f3efe98c9980ca5b02cf0ce3ef944981a93062f1679adbcf9cd6f3c583a393ffb7bef7ce74f3fae73f88640cb04c6f7cd9ecd1e60edf20a4a03ed03b006dac639600054f60709e0e1f3e3f989011f03a37e0433e736309266a9ab4c04783d97fb9e5f4a4f01e37761242a9f281c0a7b36e2567a58595e34b06eddbac3ea75fce4d1302e4dcadeb5a7164fc89ce986ed3b76b28946387efc88cc83cd80561b351fd094339f9e35891493ce488174158caca85f176a00fe4e694f5c1605612a2da9fca59545991e2f09656d4bfad881c7c3992f7f39cc8c4e8743da6674aeb310365db8b574c5a6ad8dd985d3a3df7aec5bbf24a93fa5f369a369e5a3e9d7dcb911b7e662ff39057aa3a4a6a026bd66ea051c3c343e8da6fe4864c2574ed9b9dee09800b11395c005a24c6b8a2e4dc461a033bacbf5b8d35d4ea23be4edea80a77818bf22f83800c44e33dad9256cbe60ab80797178c9d52fd7169e2be1c927be6b602a6bcbf8aa4c9a6baeb94ec03e6bf520cec9824b0323e7f2b4e3e9e964220fe51220cf9143fbc2259b7685975dba275c73d99e70f39e9bad6e7529cfb98236cbad94c30ddb2e0e3b662e28dc70d52bc2ee990b7fe4a25b5eb30d26d9b392f6fd7199d3b0520ef6c44e78e0ca190c04062604681c9cdffff1ba0214cc2fba6b9018a6926760561a76ab2fe076c01127cb20c094334946bafdb91c24f96152091a25f290e6c22c0f65b2f95b415a6d78a81a1af59aea9137706edebc45748d586867c365cdd6954bcb61785d559b368fd88d85c940254ad296dc48684be4597994119d51f46376b732701e7c8971549d2c68e4c5b18b5257fbdbb2f1f3b03a77b8826607878b93daaef4ac465c1a3cfbf333ebd685a56e63c355639b5e269683c6f87dfac91c60fbd78906f2c672c0784a6ac0c497da11ce5e1a11b2eb300962f2275c0459ca842f068bc2a3b065f5bbc100e8a026bf78918958783d532c86044fa784b6f68dd576f702e58ad1f906c3fcc25cb8f135af0f17a993f5c52fdd1d16d4192b0864c7640e34d8eafeea5784bab6bf3f75c23b63637a0568441d340d4d51a4dbe9763283b7167638a32505c93f13164e1d0f870e3191e226e81347f7ca6e2edbb721f61e79d216a39e5b9cd590201243f8bf8f7e2bbce59593b9270e3cde3eb0b258f8916b6ebd55e44fc42146bb14c6b8863f1905ac373e000400ec0e681d2b5d42e26853f6b426068fe946031c0d489ab5ac03d8b0c40f5a0701c8e640fde0c3ebe510629b23b807b5ab833381d952ad1e890e85b0e5d7e66f8c48b4a445e9089d3a7d5aeb779b61421daa0581aaaef1e38d1b378793278ea9e35533b0eebef8f2b075eb36ed355b0febd74f8ba726d3e189b0b8b81826c627241bade97b30a4edf3a93a40a50cf6cb5d2f2d79e3ab5fab378987b58b782d4c4fae0f0f3df8d5f0d5335fe26cccedd87959d8b465877d63e1c8e1bde189ef7e27dc75f75f5bdaebdff8b6303a3af19a4f7ffacb536f7ce3abe7efb823686ad72f45ccbe265e26014b63988b01e1534ec448f7a724404e74602c98322f1f014792014829a65dc56c7f6422ec992d8da0e5339f9c1485ef7c89d7e964579ab1f1384e3630a94c01b76506f08d84a20e9f92655d0b1da1e3d29e653d9a0166511d2bcc05f5b0b43fec666d027726681c56e6425d930b33e135afdd1e1e91069c3f35a761af296d965cd35434dbd5eb46559974e687864714ec6a0462265c7ae96556e6ecec4969e57ad8b6fda23035b52edcfdb9bf0a43e591501e2ee9bb10a7c3961db786194db6e84b0f06d88951dd10ba6ce3e3d3aa7efea253a74eeed189dc1dc2bdbaea37b96dc1a9ad91cb2060357100e8402588937330b92d0ac97420bb0a821ac0675cfa5158bac8f823a2fa80821b5ec0161d61b3671567cdacbb58a84befc9f6b228c2cbb4ca29dc8f2bb73a7fadb676e16ee90b350226475dda4eb34f615e435c2bb525d9ad1575b2f47d03dd85d5ea700030cbdafefe89bddf35cd3c3e3a198e1c3e16f65cfff2f0dad7dc12bef4c5bbc3a1c3fbc2d8e898de63d396f4ecfaad49056e08de57e3da5447aa1a69386665d465978e8f4d8593274f8457bcea75e1f2abae0bbff707bf15ce4abb4f08a8079f7c2434a5e1e735a280ab8c8d85a9e9f539bdc5d11d1aaee63bc5fc0d22df7dc515b3e98218df5afd98ee592b61ff12e4e8816ed001087ec5d062a96600c4c33d3f26816f3706d0b5a66f95425ee408c669b1127135b4bfb2ed9929d13b62c84f1a53055188e5c777b022cf6e15e3136062f9e68987090d569215b5c987a25a3320504eaf0bd3eb37e9913bc55771c2468d1ccc083423a3e36161f18c95313e36619d35166d8d09447bf73f1946f4259ceb5ff6ea706cee449897cddbd4ba88fda2f37a504d5a7c614193125a50b357609f9f3f1d4646c66ddb7aa6aa8bd2dc0c975d7ed955e19d3ff66fad7a63322f9e7cfcc170dffd9f0d878f1e0c3b644f4f4e4ef1da7c4eeb1bb4464870eae65e09739af9b28c6bf89339c0fab5117084041a1cb819e8004e0f349e660c644023ebafd158b1017b00d94392e5717bd54c835e26932c412e3ff90e70a7a572c9e2f458ee33d48b6a600ef081bb12abb054a78686b16a352d32d79fb4973efa311ec6645b4e4d6fb0b504e41996c6d563d84c86098dd3d6eafa005eb91898743878e029817c3cecbc705b3823adbca24edccd3ffcfaf0b23dd79bdd4a9d5848737ae1a481b7ac2958f89735065b1d19b5a1ad43079e0c17e806d13e39b25dab61c3e6ed9a1ddc643635a317cbcb2b76933565072fe95352c2edd5777df2933ba8db8d37deb8e6f8ca9e4960d34ec21b683570619b12f78e577a199a648000d05ccbc1c49b085a72a877bd4aac39b00e5514235b0f14938786c6e1f540297acf8eb5d4fe8f83957c9ec9a428e2725c16b299ff67738f61757cda5a58ce231c3abb6fb7f4859992460bd8059c8ed38a80dcd168022308683b5efba13326ddac1184855013e88e1cdeaf47f969c9d4576b64dfeebce4f270c30d3785c71e7b24cc4beb6e12103133c6aa93e129ad53a02633339b542f7d5669e9ac6ce2b3e1e0c17d36ac559d18d1c8c559fb36189be8f1051c6eece1a111d5a7201b7a21cc9e3c2e208f6e2ee48718dedafff8e38fe76ebae92605d7ce650fb08632c080bdef9d286b098bf1b3ea21ec718107b0d1f8a6d10c59ce672baf0c5ce495dc282c01d5589584b325882a73d025b07a36436c04ee2017617d1f57e600d5a32eac2ac3218d8e91815637936daf245a5b1f96b391047d7669449aefe0d1031a51382500e90b8980be3a164ece1e0ffb98a11268596f509719f0d5af7c311c38b8dfd26bd2b868466a5512e80e4a9bcecdcd4a7beb4d0c01724a9db543070fc85e3dadfad4654f2fcb9ed66276fd31c280d6472b935f1dbebc4c88ced66d5bd5afcbdd28d2c7defdee77b7f4ed053b05c5d7c4adb9ca5e935a3d4721343a2d4dc37b1882bb7ea84f896b366ca01d80d9d01653e296d9c14f67ccc027f03808537e8730345a8ec6b374c5bd4316e9c9b6253dfe2509f8d8c498034c0c908eb655edbd0e549a73916625c82f6ffc12e79575ca1c2e54d8112ed4f5e16700cba3fe8c6c543a4b4c24f088df7fe470f8c2e7ff269cd048c0983eaccc8440595f81648222a772b90e4d99458bd2966d2d70af6981fbfe037b35d67b5876b13ec42ce7e7a6ea58986f91e9c611af86e2727373c73ba7e64e6b46ae7eed7df77d7c58bc5d2d3b5c538c654ec36af80775a9cb19b5ab5d5aa27a10431e70ce2582d2d060cc0c69f188e29a2e13c0008c350c100215060d6f348f3958a502633a54ecdfd50539404952c805f6e42117f6ae000648cbb23f0d84e2e586c3f98dd70ff39951cc834a634876e382cd8a314c85a90188b572abab0f417700a355d9a69e7336bc55bc70bb75ceb899984dabaf2c59f92336dab0c41da0e27443e8f38f8d56bd234d9bd735119e0b66db725d6c4a5abe75106d283000d870e6cc7c989d3da6098ba14b1e7db472d12b5f191ed6377001ec9a2d86c91c606960b73d69601ddecea2013a431d2c7d67680114fa04a73e7cbc240dc5c7878b9ae1a1b13d9fd8c91f73253906c49e4cc1c5c2898b1bc6f3f5325a1c2191c73c7e7cfcd56e12d5033bd6640d0096a95380c4782ca60bd3b12d7d6bf694ec46de88989c5adf55cfbe63eb20c438343c5a1857af9ee130cc1c66c59a2d9900328b011f956bea26c96b788b3508f6b13dfba48d2c53bbff3a85e5e5a5424b1f971e926cd9a93940d9d1b4b1578bebe937191fc8c344585959ca1d3f7e34ac9f5ebf6eb85ab94227f6306f44aca5cb226079a65be3da85121e0016dac7fe01550402e90e0c3d661948d7a3112d6773e96a6086b20ca6e4418b924f41cb478a681e07893c9a558e176345387e5306f8634ee389749108f1ce96d551a2bc7c3f8704522142da53fb29e860768af5060c4d6dd60880c02c40e9d7ec899c6eb652d052c3c6e8d8d8099919b9b191513d32da797d50d91e19955229972f15654150ef6eb75aade6f429d3758b4b853c4f19ae091b8c0ccb3e6d345a02aa3aa2c56257e2755fd37995389e163aa807cb19c9a7b738f2b2813b8b2b8bf9d1e5ea4b24fc631ff9c8475a77de79a715a4f87376d903ec2a8b298182ebc5e1e0f090452315ba7ad2eaf4304280b64d2601f96840fb4be290e3e83321065c42c6e7250db03a5d0464f06f3f030cd6f0ba51789c5baa8000e20dacaa0b2045b372182625840ed33a0de4330eaadebc165d0ffd9db21c943d395eae0c1fdcb879f3a7d64fae7bf8f4e464697c7c5ca287f3ad622b5712508bad76aead9e5125686222d442a155ec1e39beffb2d9b9936fd40dbb5d4f283e6dfbc8f4fa992fd6566a3f7becd8d1b7b2689cfb95d1084607fc5cecd7c18a2d2b997a9da725d3203f5a1dbedcce45176a2d5f9fc91e60191c180013178d0b6d4091ef608dbf24e81fec38485d6330c304204d1d0142b4ab71114662743248fb698948f16232a15e9ee719cc98785d1e32582f40672f19b9944d9d6cba18add603ac1671ab73a6d9a5b069f396eefe7d7b155fc95df34357fec95ffcc527fe30497e16fe5ee5f9f4f9f93efbd9cfdefb810f7ef89e738b67afd317c45bbaa18b7c1cda9762507f0e5f19c6705743eb18ceca963d3b36b6e3939ffce4e45bdffad6338f3efaa85ff0f3853f8b78f600ab8b806672c4704508ebf081591221ba4b1812cdb874f1eb1a7887a7a2b1506f0c3588b81d7448552ce533a2a57abac5bdbc5e15ac381a952253460f1bb055323e8f54a64bbd34c04a3522680db880579adfa4e434cfbfde8699f61e7a2aec9659b05cabf3fab539e5cbefd9b3a7a019afc10253f2807f93c2f76a0cf51295f6106fe0b65417cb231932744351d1b31ffadd3fb84b76ee7567d481d2ea42d58b2781d8a8a419bc9c9fce81af45cace38a795665a6db671dfbea3ebc578e6e8d1a37615147ece2e7b80cd5b97980b48bbf52e10570c00f41d36aab72754808272a6078e4de629de108e36a75882f2592ce6c78b1405989fc7a4f0f22c2d65f54cfd2aa490980c27b17a76fb18585d463a0fb42df62d2f0796d4293ca9b77fc7f44222c0a14b86389d2320a357ee03b9a98cbfd77f6f2f457973bc48080119fa0ca8c95c3f3d7deff113c7cf95caa53195df92b62fa6f160bfa6dc587e0e4cd0ca1e46d34e2f2e2e6d94a8271f7ffc8278057a453deb40f6006b9782ebe35a2a224f51da41d73f81834e927ac98300ac6848cb5e4444ebc58c48b2c39017e9f1f29b977e920f7f0fb4223a8e4c0ac141008b682e95654015c57afa567f652093fdcb86d55f4b75664c943cf31a67b545db122ae0a4bb9371290017a5ffd33de521532fe3cccc8c85ffe88f3ef28d1f7efd1bef1b1b1d7ffdc2c26986cc24dfcbb08ea85d2f5592cc1a166334414b142b0b0b8b2cae95bb57c77b093c67974ef2390bfa9724c0afb87efddfab463836223352b815cdd5d3e1a1ad69642e39714395c2a63d94877c9617dfb3f66940c7e4ca273f3cf871d440048be15950311c5c299f3f1344a40e76d0c122ecf5828e0deb75cc09b0e30c21e9d07015435496b537caecc831ea73fb6121b6caa480b6960f7e4680e51c4a3ab4999743c7ebabba62633316acba52373a85cbf5e575d4e0de7befe522ac89cb1c60d5acbd0b93a0033c383c459a418fd5e49c07308128a7d2c5325ec51ddc314154b5875215979fe45967290a745029622c7024aec800c5f23a384947a36aa0de1adbe26230b05a47cb87b2002ce6c0b0f60da0a77e5aeb5c91acf3d53d2604e95b23b104959ceadb2ff3d986f6bceb5d86916d5b367f46c35f272a7a8b41e640871565cc94613e310161fbecaadeaa4aaeaeb1db7c418b652a42b83bec33bf10cfb622315f26007ba536254bd741d7a5c538218deac341dcf53a624fdb0015b50379e0c971f10d1ce4f3f02060c03253a76da9579b6e153a00bd03850f76443ac0597588efbc38a0f30d8895cfc2da3249b2d933a15cae86926cd2a2260618d0b7ba59bd0ce1b6fbcc50a56a6b6499dfe71c3505abeae759e1a53703cd155464ef7a44dab3f61ebcf34e0d0984f0c10ffee61323a3237f3b2cb34965a2eeed5a715d4dbbeabab1caaca2b1ecb1f1f5bab134955bd026603db736551a10d893fcbc0be891d33b0f4db1e6eb7a1ca9b7dfd5163e6a5c3f6a7a7caee8b5655bdcc2633f3a46056a9add6261478d4799c23cd296c5cb1641ac58d2a0bb1e77bca8a71d03e5a32bd44e4c300954029b6884d3515462496d55a211f5d640596b544ba5827ccd5269768a63a8c28b7d25f9255b6c02f878bc338bc53644435a0545e33399c16b2bd8aad88b5313d336713034540a1363e3b9a989890e36a566c75ece29e90669a9b394b46d3acde7e277afbffe7afbb4fdd66d17fec1e8c888dee8e28ecfb5e9f8557493b162ab5a1db7f5b7235a405e1d1ee311a1ba749653c16b7513ade589a5bafd407d7ab502accd55bff4a52f7de7912307df303b3b2b20858214d8333a61cb1cdaf6945634fd436e747424ecdc75b1b468459ad0175cbbed1973f55ac26f027ff2d15eb114fcdefd41c0e9a699144319623733860968c987b6878f47ae66988cc66cd3f48456f76b1ba2b953c76ccba28a8d68b0074027cccecdfecc5bdef2b6637ff997ffe7d7efb9e71e032d7eace573f2def4a637d9f5fdc38f7ce8effed59bdefef9c5a5955b59e55591b6a78edc687c9987a784eadd65b996b46d472bc48e52f04d37ddce09fd3dad01c73fddf534d33f3dcbbf1c4ec07afbedb7a355baaf7ef5abdf7ee8d0a13f1558ab320978da3ee3b9f1a8f78bec8f5c1ebbeee2a38d74018631517c0dcdd8239b154f981a3cfecc5c200cf8e43b0801694c3f8f0710fa715e950cd49e6f423356366121f07243d8a193605d2c63b40dad889ad69b070dbd19ab3766354daabe8f9418af9f4b764b2ba4c28993b3ffeded6f7fc7af723e8055f478d7f8193edb5f76289428bb505b366ffde8e4c424cb0f0b9a159305a49b50a530ba622f7a76db6d86ddb4a7c289cd9b373d4599975cf2e238aced4b2ab0eaed946efb75af7bdd5bf6eddb77d78913277862e8bdd34e42e1d3dac867659ee966774d67ca503fa64d23be582c3dad05224d81860d84eddb73e2b1c61a28418deaa33cd0c08a44d29862849044d3932337e4ae34a8ee997c6178684c66c88ad6b4cea96cb76bb5ad3699058e56bb5219ea0ee963ce67cecca90af46134c4a5192fd6aeaa886245a605f3fa7a17eb7ffef88fff64f7cffffccf7ef3c1071f2c6aa62a7febadb7769eeb6c936e00ae46f7bffffa073ff5ae9f7bcb17cf9c39fd5acc2ed0ca7d41a7ab20f387db675c80d63a862fffdcbf7bc793caa33716ee340d4df8b93a1afcb9caf881e7d705a2de56f11ffdd11fbd458df189c3870f8f6b95d5b2546b89c755cf01185c3a4d5d5c2eb091fb3f862fa31ad05c5bf0d8e64dd30d1b37865d7a7fe99cde85b277bb54341da5580575d341a36e0283a7f49e64884575f44e177c1c88a6483e4ec77ad5826cdc3367ceea38d59c9ade58d0dbabb939bd5b5529174cc30b94dd5abdd9c917cbc58bb66f1720ebe181af7dd94e474baec3d4ba49bd153b9bee3e40a1d76847c6aebaead266bdde7cebf7bef7edcf44e635f566765cbf79b45cffc2c9b9d9cb66d64db5b4995e8177cf3432d0280f8d5676efbe685eafe1bcfebffcfc4f3fa8a760511a7a4d4c134ee2790dd89b6ebae9279e7aeaa93f932960df2be0f50e1ef12c2ab61545a014a02680da190f02d6106b2042630d8e7d6297b11866fffebdcad50d2f7bc50d7afa1764f3ceda6bd666832257a0b647a14ba104739813a4194a05d6e8784cb724bb259b4ffda4767dddf4ba31ed25503dab1d0a19c73c7d7a3e3cf8c0fd893f6cbc7067d8b97dc7dea9c9c9fbcf9e3dddddb47163656a7a6aa85eab9fd30aafe59d3bb74fe969bd385c1dce6be7968236ce9803c1dbb76fdd2733e95eed4d5064414f72ba71bab287ad42d0d968031f9aea2c33bab0592c80bf91d73bb01ac05a569dcfc92c19d61b0b9bcf9c39a38983fcc94ffff5ddffe6739ffffcbfffdafd5fd13d321dc6b5407cabd6da5e7ac965edddbb2f7de7ff7adf2f7d42f94c2b53662affb9facfbb4e1776abcebff3d18f7e7448b329574d4c4cdc3d3535b5249a9eae65eb00b8667325aa0be4a85c75a57aa45e806434a03940a800f3e2a3a357e678d49665d3ea2dd5f670b95cd330564da3110d69d95ab154a8eb35919a4670ea855ca1a63c7a15ab5ed7d8e44a65acdaa8142b358d24d454bf66a3d9ada911ebda3dbbb961c374eb2bf77ff3f47ffe4f3f7fb3ee94f79d9a9bdd32377b4a8ff49361cb964d1a9d58b26582176cb9e0d8d5575dfb33ef79cfcf996a15c0ae1508af181e1e3ea027ca512d907ebd64d664250c09679aaacbcf0b808d8585850bc4f7d652a134a1b21b3ae8b1cbeb4ec93edf1ec3b6645034404b1aa73da5039bb5c568abc27599472b8a9774835ca5f2379f3c393fb4f9824d7a8dfc86b061c33a8daed4344ad1d67e081bc2f5d75df6a95ffd955ffc84f2054d3ce4f4f66c7a02407aceee79a961396b5dc0c11df212d4062fc833d106d3d9355a1794dda357917b115dec5e5823113969742efe9a360005c8fedefed8638f5d7eecd8b131ed07aba94d7ffb4180aceddebdfbd137bff9cd660bc6ca94eebbefbea2a64d3b5ff8c217f45641b93032329263376e992c4c9b1604e6dcfaf5eb5bb25d5b9259515a5b26535bf5ef12d78dce9a80555a4fb37e39e5eb0ab84d015d7dcbbc6ed6d1ae3e0da575b48d82ead291761dd38db0519bcf5d78ead429d62c68cf8f3a3bcce821935b96e63d76e9a53b0ebde10db7cd5157ee8058e735f39eb7805db32bb08682d468dc24e94639df0f5a41956856eaae5dbb72d2420306f7335706b9e2cbcb56efd2637f66ae1706f5ff03edcbcbc63c009df70000000049454e44ae426082, 1),
(2, 30.5, '2013-01-15 12:35:29', '2013-02-15 12:35:29', 'Pricy', 12, 2, 2, 34, 'gain weight', '', 2),
(3, 10, '2012-11-20 12:35:29', '2013-12-20 12:35:29', 'Used', 2, 3, 3, 3, 'sellfull', '', 3),
(4, 100, '2013-06-20 15:35:29', '2013-11-20 15:35:29', 'Like New', 5, 4, 4, 1, 'bababaga', '', 4),
(5, 50, '2013-02-20 08:35:29', '2013-12-20 08:35:29', 'New', 9, 5, 5, 4, 'a good buy', '', 5),
(6, 40, '2013-07-20 17:35:29', '2013-10-20 17:35:29', 'Damaged', 7, 6, 6, 35, 'ladas', '', 6),
(7, 60, '2013-08-20 14:35:29', '2013-12-20 14:35:29', 'Unusable', 3, 7, 7, 10, 'muunnntt', '', 7),
(8, 70, '2013-10-13 11:35:29', '2014-02-13 11:35:29', 'Top Shape', 13, 8, 8, 12, 'Gaga', '', 8),
(9, 80.3, '2013-09-30 16:35:29', '2013-11-30 16:35:29', 'Out of the box', 11, 9, 9, 15, 'Out of the Box', '', 9),
(10, 90, '2013-08-20 03:35:29', '2013-09-20 03:35:29', 'Undamaged', 1, 10, 10, 24, 'Good Item', '', 10),
(11, 110, '2013-04-20 12:35:29', '2013-06-20 12:35:29', 'Crazy Good', 8, 11, 11, 9, 'New productuin', '', 11),
(12, 500, '2013-03-20 12:35:29', '2013-03-31 12:35:29', 'Awesome', 14, 12, 12, 7, 'Buy me plz', '', 12),
(13, 700, '2013-05-14 18:35:29', '2013-05-20 18:35:29', 'Great', 6, 13, 13, 6, 'New just out', '', 13),
(14, 200, '2013-08-16 20:35:29', '2013-10-16 20:35:29', 'Legendary', 4, 14, 14, 4, 'My Precious', '', 14),
(15, 5, '2013-04-12 23:35:29', '2013-04-30 23:35:29', 'Cool', 10, 15, 15, 3, 'win win win', '', 15);

-- --------------------------------------------------------

--
-- Table structure for table `Buy_Events`
--

CREATE TABLE IF NOT EXISTS `Buy_Events` (
  `buyEventId` int(11) NOT NULL AUTO_INCREMENT,
  `price` double NOT NULL,
  `sellingTime` datetime NOT NULL,
  `description` varchar(255) DEFAULT 'No description',
  `soldBy` int(11) NOT NULL,
  `productId` int(11) NOT NULL,
  `btitle` varchar(30) NOT NULL,
  `pic` blob NOT NULL,
  `available` int(11) NOT NULL,
  PRIMARY KEY (`buyEventId`),
  KEY `userId` (`soldBy`),
  KEY `productId` (`productId`)
) ENGINE=InnoDB  DEFAULT CHARSET=latin1 AUTO_INCREMENT=16 ;

--
-- Dumping data for table `Buy_Events`
--

INSERT INTO `Buy_Events` (`buyEventId`, `price`, `sellingTime`, `description`, `soldBy`, `productId`, `btitle`, `pic`, `available`) VALUES
(1, 20, '2013-05-20 12:35:29', 'Cheap', 10, 15, 'Cheap Item', '', 1),
(2, 30.5, '2013-01-15 12:35:29', 'Pricy', 9, 14, 'Pricy Item', '', 2),
(3, 10, '2012-11-20 12:35:29', 'Used', 8, 13, 'Used Item', '', 3),
(4, 100, '2013-06-20 15:35:29', 'Like New', 7, 12, 'Like New', '', 44),
(5, 50, '2013-02-20 08:35:29', 'New', 6, 11, 'NEw Item', '', 3),
(6, 40, '2013-07-20 17:35:29', 'Damaged', 5, 10, 'Danaged Item', '', 2),
(7, 60, '2013-08-20 14:35:29', 'Unusable', 4, 9, 'Unusable Item', '', 1),
(8, 70, '2013-10-13 11:35:29', 'Top Shape', 3, 1, 'Top Shape Item', '', 11),
(9, 80.3, '2013-09-30 16:35:29', 'Out of the box', 2, 7, 'OTB Item', '', 1),
(10, 90, '2013-08-20 03:35:29', 'Undamaged', 1, 6, 'Undamaged Item', '', 1),
(11, 110, '2013-04-20 12:35:29', 'Crazy Good', 12, 5, 'Crazy Item', '', 3),
(12, 500, '2013-03-20 12:35:29', 'Awesome', 11, 4, 'Awesome Item', '', 2),
(13, 700, '2013-05-14 18:35:29', 'Great', 15, 3, 'Great Item', '', 6),
(14, 200, '2013-08-16 20:35:29', 'Legendary', 13, 2, 'Legendary Item', '', 4),
(15, 5, '2013-04-12 23:35:29', 'Cool', 14, 8, 'My selling', '', 5);

-- --------------------------------------------------------

--
-- Table structure for table `Categories`
--

CREATE TABLE IF NOT EXISTS `Categories` (
  `categoryId` int(11) NOT NULL AUTO_INCREMENT,
  `name` varchar(50) NOT NULL,
  `parentCategoryId` int(11) DEFAULT NULL,
  PRIMARY KEY (`categoryId`),
  KEY `parentCategoryId` (`parentCategoryId`)
) ENGINE=InnoDB  DEFAULT CHARSET=latin1 AUTO_INCREMENT=41 ;

--
-- Dumping data for table `Categories`
--

INSERT INTO `Categories` (`categoryId`, `name`, `parentCategoryId`) VALUES
(1, 'Books', NULL),
(2, 'Children', 1),
(3, 'Fiction', 1),
(4, 'Technology', 1),
(5, 'Business', 1),
(6, 'Electronics', NULL),
(7, 'TV', 6),
(8, 'Audio', 6),
(9, 'Phones', 6),
(10, 'Cameras', 6),
(11, 'Video', 6),
(12, 'Computers', NULL),
(13, 'Laptops', 12),
(14, 'Desktops', 12),
(15, 'Tablets', 12),
(16, 'Printers', 12),
(17, 'Clothing', NULL),
(18, 'Children', 17),
(19, 'Men', 17),
(20, 'Shirts', 19),
(21, 'Pants', 19),
(22, 'Socks', 19),
(23, 'Women', 17),
(24, 'Shirts', 23),
(25, 'Pants', 23),
(26, 'Dresses', 23),
(27, 'Shoes', NULL),
(28, 'Children', 27),
(29, 'Women', 27),
(30, 'Men', 27),
(31, 'Sports', NULL),
(32, 'Bicycles', 31),
(33, 'Frames', 32),
(34, 'Wheels', 32),
(35, 'Helmets', 32),
(36, 'Parts', 32),
(37, 'Fishing', 31),
(38, 'Baseball', 31),
(39, 'Golf', 31),
(40, 'Basketball', 31);

-- --------------------------------------------------------

--
-- Table structure for table `Credit_Cards`
--

CREATE TABLE IF NOT EXISTS `Credit_Cards` (
  `cardId` int(11) NOT NULL AUTO_INCREMENT,
  `cardNum` int(11) NOT NULL,
  `secCode` int(11) NOT NULL,
  `expMonth` int(11) NOT NULL,
  `expYear` int(11) NOT NULL,
  `name` varchar(150) NOT NULL,
  `userId` int(11) NOT NULL,
  `bankAccountId` int(11) NOT NULL,
  `BillingId` int(11) NOT NULL,
  PRIMARY KEY (`cardId`),
  UNIQUE KEY `cardNum` (`cardNum`),
  KEY `userId` (`userId`),
  KEY `bankAccountId` (`bankAccountId`),
  KEY `AddressId` (`BillingId`)
) ENGINE=InnoDB  DEFAULT CHARSET=latin1 AUTO_INCREMENT=16 ;

--
-- Dumping data for table `Credit_Cards`
--

INSERT INTO `Credit_Cards` (`cardId`, `cardNum`, `secCode`, `expMonth`, `expYear`, `name`, `userId`, `bankAccountId`, `BillingId`) VALUES
(1, 52137, 949, 4, 2015, 'Edgar Gajo', 1, 1, 15),
(2, 9518, 741, 7, 2016, 'Armando Paredes', 2, 2, 14),
(3, 29652, 264, 5, 2014, 'Alex Plosivo', 3, 3, 13),
(4, 74384, 763, 11, 2017, 'Ana Tomia', 4, 4, 12),
(5, 53216, 365, 1, 2012, 'Cindy Nero', 5, 5, 11),
(6, 3524, 165, 3, 2014, 'Aki Temato', 6, 6, 10),
(7, 7777, 777, 7, 2017, 'Soyuni Diota', 7, 7, 9),
(8, 3245, 334, 10, 2018, 'Elvis Teck', 8, 8, 7),
(9, 9197, 292, 7, 2017, 'Marc Tillo', 9, 9, 8),
(10, 33856, 521, 5, 2016, 'Elba Lazo', 10, 10, 6),
(11, 6965, 777, 8, 2014, 'Alan Brito', 11, 11, 5),
(12, 54657, 333, 6, 2016, 'Omar Ciano', 12, 12, 4),
(13, 45245, 846, 4, 2014, 'Zoyla Becerra', 13, 13, 3),
(14, 7016, 0, 1, 2012, 'Samuel N Jones', 14, 14, 2),
(15, 6664, 475, 2, 2015, 'Carl Fonville', 15, 15, 1);

-- --------------------------------------------------------

--
-- Table structure for table `in_bid_basket`
--

CREATE TABLE IF NOT EXISTS `in_bid_basket` (
  `basketId` int(11) NOT NULL DEFAULT '0',
  `bidEventId` int(11) NOT NULL DEFAULT '0',
  PRIMARY KEY (`basketId`,`bidEventId`)
) ENGINE=InnoDB DEFAULT CHARSET=latin1;

--
-- Dumping data for table `in_bid_basket`
--

INSERT INTO `in_bid_basket` (`basketId`, `bidEventId`) VALUES
(1, 1),
(2, 2),
(3, 3),
(4, 4),
(5, 5),
(6, 6),
(7, 7),
(8, 8),
(9, 9),
(10, 10),
(11, 11),
(12, 12),
(13, 13),
(14, 14),
(15, 15);

-- --------------------------------------------------------

--
-- Table structure for table `in_buy_basket`
--

CREATE TABLE IF NOT EXISTS `in_buy_basket` (
  `basketId` int(11) NOT NULL DEFAULT '0',
  `buyEventId` int(11) NOT NULL DEFAULT '0',
  PRIMARY KEY (`basketId`,`buyEventId`)
) ENGINE=InnoDB DEFAULT CHARSET=latin1;

--
-- Dumping data for table `in_buy_basket`
--

INSERT INTO `in_buy_basket` (`basketId`, `buyEventId`) VALUES
(1, 1),
(2, 2),
(3, 3),
(4, 4),
(5, 5),
(6, 6),
(7, 7),
(8, 8),
(9, 9),
(10, 10),
(11, 11),
(12, 12),
(13, 13),
(14, 14),
(15, 3),
(15, 15),
(16, 15),
(17, 2),
(17, 3);

-- --------------------------------------------------------

--
-- Table structure for table `Manufacturers`
--

CREATE TABLE IF NOT EXISTS `Manufacturers` (
  `manufacturerId` int(11) NOT NULL AUTO_INCREMENT,
  `mname` varchar(50) NOT NULL,
  PRIMARY KEY (`manufacturerId`)
) ENGINE=InnoDB  DEFAULT CHARSET=latin1 AUTO_INCREMENT=16 ;

--
-- Dumping data for table `Manufacturers`
--

INSERT INTO `Manufacturers` (`manufacturerId`, `mname`) VALUES
(1, 'Sony'),
(2, 'Samsung'),
(3, 'Apple'),
(4, 'Microsoft'),
(5, 'Lenovo'),
(6, 'Puma'),
(7, 'Nintendo'),
(8, 'Panasonic'),
(9, 'Nike'),
(10, 'Adidas'),
(11, 'Mitsubishi'),
(12, 'Toyota'),
(13, 'Dell'),
(14, 'Honda'),
(15, 'Lasko');

-- --------------------------------------------------------

--
-- Table structure for table `Orders`
--

CREATE TABLE IF NOT EXISTS `Orders` (
  `orderId` int(11) NOT NULL AUTO_INCREMENT,
  `amount` double NOT NULL,
  `orderTime` datetime NOT NULL,
  `userId` int(11) NOT NULL,
  `bankAccountId` int(11) NOT NULL,
  `cardId` int(11) NOT NULL,
  `withbasketId` int(11) NOT NULL,
  PRIMARY KEY (`orderId`),
  KEY `userId` (`userId`),
  KEY `bankAccountId` (`bankAccountId`),
  KEY `cardId` (`cardId`),
  KEY `basketId` (`withbasketId`)
) ENGINE=InnoDB  DEFAULT CHARSET=latin1 AUTO_INCREMENT=16 ;

--
-- Dumping data for table `Orders`
--

INSERT INTO `Orders` (`orderId`, `amount`, `orderTime`, `userId`, `bankAccountId`, `cardId`, `withbasketId`) VALUES
(1, 20, '2013-05-20 12:35:29', 1, 1, 1, 15),
(2, 20, '2013-05-20 12:35:29', 2, 2, 2, 14),
(3, 45.5, '2013-08-29 12:00:29', 3, 3, 3, 13),
(4, 62.48, '2013-01-24 01:35:29', 4, 4, 4, 12),
(5, 81.54, '2013-04-27 05:35:29', 5, 5, 5, 11),
(6, 64.42, '2013-12-04 20:35:29', 6, 6, 6, 10),
(7, 25.45, '2013-11-20 18:35:29', 7, 7, 7, 9),
(8, 53.84, '2013-10-20 12:35:29', 8, 8, 8, 7),
(9, 82.93, '2012-05-28 15:35:29', 9, 9, 9, 8),
(10, 10, '2013-06-20 23:35:29', 10, 10, 10, 6),
(11, 0.99, '2013-02-20 21:35:29', 11, 11, 11, 5),
(12, 1499.99, '2013-01-20 09:35:29', 12, 12, 12, 4),
(13, 521.55, '2013-03-20 03:35:29', 13, 13, 13, 3),
(14, 19.99, '2013-04-20 13:35:29', 14, 14, 14, 2),
(15, 5, '2013-07-20 16:35:29', 15, 15, 15, 1);

-- --------------------------------------------------------

--
-- Table structure for table `Products`
--

CREATE TABLE IF NOT EXISTS `Products` (
  `productId` int(11) NOT NULL AUTO_INCREMENT,
  `sellerPId` int(11) NOT NULL,
  `pname` varchar(50) DEFAULT 'Unnamed',
  `features` varchar(255) DEFAULT 'No features',
  `dimensions` varchar(255) DEFAULT 'No Dimensions',
  `manufacturerId` int(11) NOT NULL,
  `categoryId` int(11) NOT NULL,
  `width` int(11) NOT NULL DEFAULT '0',
  `depth` int(11) NOT NULL DEFAULT '0',
  `height` int(11) NOT NULL DEFAULT '0',
  PRIMARY KEY (`productId`),
  KEY `manufacturerId` (`manufacturerId`),
  KEY `categoryId` (`categoryId`)
) ENGINE=InnoDB  DEFAULT CHARSET=latin1 AUTO_INCREMENT=16 ;

--
-- Dumping data for table `Products`
--

INSERT INTO `Products` (`productId`, `sellerPId`, `pname`, `features`, `dimensions`, `manufacturerId`, `categoryId`, `width`, `depth`, `height`) VALUES
(1, 879654125, 'PS4', 'Awesome console', 'Perfect Size', 1, 1, 2, 30, 14),
(2, 853241524, 'Galaxy', 'Cheap Phone', 'Enourmous', 2, 1, 4, 15, 20),
(3, 548986521, 'iPhone', 'Best Phone EVAH!', 'Perfect Size', 3, 1, 11, 12, 13),
(4, 658188574, 'XBox', 'Low Quality Console', 'Meh', 4, 1, 22, 33, 44),
(5, 521512354, 'Y510P', 'Best Laptop EVER', 'Fairly bulky', 5, 1, 1, 22, 21),
(6, 389521653, 'Tennis Tank', 'Very COnfortable', 'Small', 6, 1, 11, 11, 11),
(7, 716352163, '3DS', 'Great Gaming', 'Kinda big', 7, 1, 23, 12, 4),
(8, 965324102, 'TV', 'Good Color', '40"', 8, 1, 11, 2, 1),
(9, 165163551, 'Nike Shoes', 'Very light', '11 Men', 9, 1, 3, 4, 3),
(10, 254156358, 'Adidas Short Pants', 'Breazy', '30', 10, 1, 11, 12, 12),
(11, 481652126, 'Lancer Headlights', 'Bright', '12"x20"x30"', 11, 1, 33, 33, 3),
(12, 129865315, 'Yaris Front Bumper', 'Sturdy', '40"x50"x12"', 12, 1, 44, 4, 44),
(13, 879654125, 'Alienware', 'Pretty Colorful', 'Big', 13, 1, 4, 44, 44),
(14, 879654125, 'Civic Exhaust', 'Noisy', 'medium', 14, 1, 44, 3, 35),
(15, 879654125, 'Fan', 'Windy', 'Big', 15, 1, 22, 33, 22);

-- --------------------------------------------------------

--
-- Table structure for table `Product_Reviews`
--

CREATE TABLE IF NOT EXISTS `Product_Reviews` (
  `productReviewId` int(11) NOT NULL AUTO_INCREMENT,
  `title` varchar(20) DEFAULT 'No title',
  `rrating` int(11) NOT NULL,
  `content` varchar(255) DEFAULT 'No content',
  `userId` int(11) NOT NULL,
  `productReviewedId` int(11) NOT NULL,
  PRIMARY KEY (`productReviewId`),
  KEY `userId` (`userId`),
  KEY `productReviewedId` (`productReviewedId`)
) ENGINE=InnoDB  DEFAULT CHARSET=latin1 AUTO_INCREMENT=48 ;

--
-- Dumping data for table `Product_Reviews`
--

INSERT INTO `Product_Reviews` (`productReviewId`, `title`, `rrating`, `content`, `userId`, `productReviewedId`) VALUES
(33, 'good', 4, 'good product', 1, 1),
(34, 'bad', 1, 'bad product', 2, 2),
(35, 'awesome', 5, 'awesome product', 3, 3),
(36, 'average', 3, 'average product', 4, 4),
(37, 'not bad', 2, 'not bad product', 5, 5),
(38, 'legendary', 5, 'legendary product', 6, 6),
(39, 'cool', 4, 'cool product', 7, 7),
(40, 'great', 5, 'great product', 8, 8),
(41, 'awful', 1, 'awful product', 9, 9),
(42, 'nice', 3, 'nice product', 10, 10),
(43, 'sucks', 1, 'suckish product', 11, 11),
(44, 'crazy', 1, 'crazy product', 12, 12),
(45, 'efficient', 4, 'efficient product', 13, 13),
(46, 'useless', 2, 'useless product', 14, 14),
(47, 'Sweet', 4, 'Sweet product', 15, 15);

-- --------------------------------------------------------

--
-- Table structure for table `reviews_bid_event`
--

CREATE TABLE IF NOT EXISTS `reviews_bid_event` (
  `productReviewId` int(20) NOT NULL DEFAULT '0',
  `bidEventId` int(20) DEFAULT NULL,
  PRIMARY KEY (`productReviewId`)
) ENGINE=InnoDB DEFAULT CHARSET=latin1;

-- --------------------------------------------------------

--
-- Table structure for table `reviews_buy_event`
--

CREATE TABLE IF NOT EXISTS `reviews_buy_event` (
  `productReviewId` int(20) NOT NULL DEFAULT '0',
  `buyEventId` int(20) DEFAULT NULL,
  PRIMARY KEY (`productReviewId`)
) ENGINE=InnoDB DEFAULT CHARSET=latin1;

--
-- Dumping data for table `reviews_buy_event`
--

INSERT INTO `reviews_buy_event` (`productReviewId`, `buyEventId`) VALUES
(33, 1),
(34, 2),
(35, 3),
(36, 4),
(37, 5),
(38, 6),
(39, 7),
(40, 8),
(41, 9),
(42, 10),
(43, 11),
(44, 12),
(45, 13),
(46, 14),
(47, 15);

-- --------------------------------------------------------

--
-- Table structure for table `Users`
--

CREATE TABLE IF NOT EXISTS `Users` (
  `userId` int(11) NOT NULL AUTO_INCREMENT,
  `username` varchar(20) NOT NULL,
  `firstName` varchar(50) NOT NULL,
  `lastName` varchar(50) NOT NULL,
  `password` varchar(50) NOT NULL,
  `email` varchar(150) NOT NULL,
  `age` int(11) NOT NULL,
  `rating` float NOT NULL DEFAULT '0',
  PRIMARY KEY (`userId`),
  UNIQUE KEY `username` (`username`),
  UNIQUE KEY `email` (`email`)
) ENGINE=InnoDB  DEFAULT CHARSET=latin1 AUTO_INCREMENT=16 ;

--
-- Dumping data for table `Users`
--

INSERT INTO `Users` (`userId`, `username`, `firstName`, `lastName`, `password`, `email`, `age`, `rating`) VALUES
(1, 'edgargajo', 'Edgar', 'Gajo', 'edgargajo', 'edgargajo@upr.edu', 20, 2),
(2, 'armandoparedes', 'Armando', 'Paredes', 'armandoparedes', 'armandoparedes@upr.edu', 35, 4),
(3, 'alexplosivo', 'Alex', 'Plosivo', 'alexplosivo', 'alexplosivo@upr.edu', 24, 2),
(4, 'anatomia', 'Ana', 'Tomia', 'anatomia', 'anatomia@upr.edu', 61, 1),
(5, 'cindynero', 'Cindy', 'Nero', 'cindynero', 'cindynero@upr.edu', 16, 5),
(6, 'akitemato', 'Aki', 'Temato', 'akitemato', 'akitemato@upr.edu', 53, 5),
(7, 'soyunidiota', 'Soyuni', 'Diota', 'soyunidiota', 'soyunidiota@upr.edu', 45, 3),
(8, 'elvisteck', 'Elvis', 'Teck', 'elvisteck', 'elvisteck@upr.edu', 38, 2.4),
(9, 'marctillo', 'Marc', 'Tillo', 'marctillo', 'marctillo@upr.edu', 17, 4.5),
(10, 'elbalazo', 'Elba', 'Lazo', 'elbalazo', 'elbalazo@upr.edu', 26, 3.7),
(11, 'alanbrito', 'Alan', 'Brito', 'alanbrito', 'alanbrito@upr.edu', 23, 1.2),
(12, 'omarciano', 'Omar', 'Ciano', 'omarciano', 'omarciano@upr.edu', 31, 4),
(13, 'zoylabecerra', 'Zoyla', 'Becerra', 'zoylabecerra', 'zoylabecerra@upr.edu', 29, 5),
(14, 'elvisnieto', 'Elvis', 'Nieto', 'elvisnieto', 'elvisnieto@upr.edu', 43, 2.3),
(15, 'lolamento', 'Lola', 'Mento', 'lolamento', 'lolamento@upr.edu', 19, 5);

-- --------------------------------------------------------

--
-- Table structure for table `User_Reviews`
--

CREATE TABLE IF NOT EXISTS `User_Reviews` (
  `userReviewId` int(11) NOT NULL AUTO_INCREMENT,
  `rating` int(11) NOT NULL,
  `userId` int(11) NOT NULL,
  `userReviewedId` int(11) NOT NULL,
  PRIMARY KEY (`userReviewId`),
  KEY `userId` (`userId`),
  KEY `userReviewedId` (`userReviewedId`)
) ENGINE=InnoDB  DEFAULT CHARSET=latin1 AUTO_INCREMENT=16 ;

--
-- Dumping data for table `User_Reviews`
--

INSERT INTO `User_Reviews` (`userReviewId`, `rating`, `userId`, `userReviewedId`) VALUES
(1, 4, 1, 2),
(2, 1, 2, 3),
(3, 5, 3, 4),
(4, 3, 4, 5),
(5, 2, 5, 6),
(6, 5, 6, 7),
(7, 4, 7, 8),
(8, 5, 8, 9),
(9, 1, 9, 10),
(10, 3, 10, 11),
(11, 1, 11, 12),
(12, 1, 12, 13),
(13, 4, 13, 14),
(14, 2, 14, 15),
(15, 4, 15, 1);

--
-- Constraints for dumped tables
--

--
-- Constraints for table `Address`
--
ALTER TABLE `Address`
  ADD CONSTRAINT `address_ibfk_1` FOREIGN KEY (`userId`) REFERENCES `Users` (`userId`);

--
-- Constraints for table `Bank_Accounts`
--
ALTER TABLE `Bank_Accounts`
  ADD CONSTRAINT `bank_accounts_ibfk_1` FOREIGN KEY (`userId`) REFERENCES `Users` (`userId`);

--
-- Constraints for table `Baskets`
--
ALTER TABLE `Baskets`
  ADD CONSTRAINT `baskets_ibfk_1` FOREIGN KEY (`userId`) REFERENCES `Users` (`userId`);

--
-- Constraints for table `Bids`
--
ALTER TABLE `Bids`
  ADD CONSTRAINT `bids_ibfk_1` FOREIGN KEY (`userId`) REFERENCES `Users` (`userId`),
  ADD CONSTRAINT `bids_ibfk_2` FOREIGN KEY (`bidEventId`) REFERENCES `Bid_Events` (`bidEventId`);

--
-- Constraints for table `Bid_Events`
--
ALTER TABLE `Bid_Events`
  ADD CONSTRAINT `bid_events_ibfk_1` FOREIGN KEY (`soldBy`) REFERENCES `Users` (`userId`),
  ADD CONSTRAINT `bid_events_ibfk_2` FOREIGN KEY (`productId`) REFERENCES `Products` (`productId`);

--
-- Constraints for table `Buy_Events`
--
ALTER TABLE `Buy_Events`
  ADD CONSTRAINT `buy_events_ibfk_1` FOREIGN KEY (`soldBy`) REFERENCES `Users` (`userId`),
  ADD CONSTRAINT `buy_events_ibfk_2` FOREIGN KEY (`productId`) REFERENCES `Products` (`productId`);

--
-- Constraints for table `Categories`
--
ALTER TABLE `Categories`
  ADD CONSTRAINT `categories_ibfk_1` FOREIGN KEY (`parentCategoryId`) REFERENCES `Categories` (`categoryId`);

--
-- Constraints for table `Credit_Cards`
--
ALTER TABLE `Credit_Cards`
  ADD CONSTRAINT `credit_cards_ibfk_1` FOREIGN KEY (`userId`) REFERENCES `Users` (`userId`),
  ADD CONSTRAINT `credit_cards_ibfk_2` FOREIGN KEY (`bankAccountId`) REFERENCES `Bank_Accounts` (`bankAccountId`),
  ADD CONSTRAINT `credit_cards_ibfk_3` FOREIGN KEY (`BillingId`) REFERENCES `Address` (`AddressId`);

--
-- Constraints for table `Orders`
--
ALTER TABLE `Orders`
  ADD CONSTRAINT `orders_ibfk_1` FOREIGN KEY (`userId`) REFERENCES `Users` (`userId`),
  ADD CONSTRAINT `orders_ibfk_2` FOREIGN KEY (`bankAccountId`) REFERENCES `Bank_Accounts` (`bankAccountId`),
  ADD CONSTRAINT `orders_ibfk_3` FOREIGN KEY (`cardId`) REFERENCES `Credit_Cards` (`cardId`),
  ADD CONSTRAINT `orders_ibfk_4` FOREIGN KEY (`withbasketId`) REFERENCES `Baskets` (`basketId`);

--
-- Constraints for table `Products`
--
ALTER TABLE `Products`
  ADD CONSTRAINT `products_ibfk_1` FOREIGN KEY (`manufacturerId`) REFERENCES `Manufacturers` (`manufacturerId`),
  ADD CONSTRAINT `products_ibfk_2` FOREIGN KEY (`categoryId`) REFERENCES `Categories` (`categoryId`);

--
-- Constraints for table `Product_Reviews`
--
ALTER TABLE `Product_Reviews`
  ADD CONSTRAINT `product_reviews_ibfk_1` FOREIGN KEY (`userId`) REFERENCES `Users` (`userId`),
  ADD CONSTRAINT `product_reviews_ibfk_2` FOREIGN KEY (`productReviewedId`) REFERENCES `Products` (`productId`);

--
-- Constraints for table `User_Reviews`
--
ALTER TABLE `User_Reviews`
  ADD CONSTRAINT `user_reviews_ibfk_1` FOREIGN KEY (`userId`) REFERENCES `Users` (`userId`),
  ADD CONSTRAINT `user_reviews_ibfk_2` FOREIGN KEY (`userReviewedId`) REFERENCES `Users` (`userId`);

/*!40101 SET CHARACTER_SET_CLIENT=@OLD_CHARACTER_SET_CLIENT */;
/*!40101 SET CHARACTER_SET_RESULTS=@OLD_CHARACTER_SET_RESULTS */;
/*!40101 SET COLLATION_CONNECTION=@OLD_COLLATION_CONNECTION */;
